acconr,accotype
1,Prem Lng
2,Prem Lng
3,Prem Lng
4,Prem Az Lng
5,Prem Az Big Fld
6,Prem Lng
7,Prem Az Big Fld
8,Prem Az Big Fld
9,Prem Lng
10,Comfort XL
11,Comfort
12,Comfort
13,Prem Az Big Fld
14,Prem Az Big Fld
15,Prem Az Big Fld
16,Comfort
17,Comfort
18,Comfort
19,Prem Az Lng
20,Prem Az Lng
21,Prem Az Lng
22,Prem Az Lng
23,Prem Lng
24,Prem Az backFld
25,Prem Az backFld
26,Prem Az backFld
27,Prem Az backFld
28,Prem Az backFld
29,Prem Az backFld
30,Prem Az backFld
31,Prem Az backFld
32,Prem Az backFld
33,Prem
34,Prem
35,Prem
36,Prem
37,Prem Az 7Fld
38,Prem Az 7Fld
39,Prem Az 7Fld
40,Prem Az 7Fld
41,Prem Az 7Fld
42,Prem Az 7Fld
43,Prem Az 7Fld
44,Prem Lng 2025
45,Prem Lng 2025
46,Prem Lng 2025
47,Prem Lng 2025
48,Prem Lng 2025
49,Prem Lng 2025
50,Prem Lng 2025
51,Prem Lng 2025
52,Prem Lng 2025
53,Prem Lng 2025
621,Comfort XL
622,Comfort XL
623,Comfort XL
624,Comfort XL
625,Comfort XL
626,Comfort XL
627,Prem Az Ex VS
628,Prem Az Ex VS
629,Prem Az Ex VS
630,Prem Az Ex VS
631,Prem Az Ex VS
632,Prem Az Ex VS
633,Prem Az Ex VS
634,Prem Az Ex VS
635,Prem Az Ex VS
636,Prem Az Ex VS
637,Eco lodge
638,Eco lodge
639,Eco lodge
640,Eco lodge
641,Eco lodge
642,Eco lodge
643,Eco lodge
644,Eco lodge
645,Eco lodge
646,Eco lodge
647,Eco lodge
648,Eco lodge
649,Eco lodge
650,Eco lodge
651,Eco lodge
652,Eco lodge
653,Eco lodge
654,Eco lodge
655,Eco lodge
656,Eco lodge
659,Safari tent
660,Safari tent
661,Safari tent
662,Safari tent
663,Safari tent
664,Safari tent
665,Safari tent
666,Safari tent
667,Safari tent